Player,All-Star %,Starter %,Role Player %,Bust %,affiliation,assist_percentage,assists,bench_press,block_percentage,blocks,body_fat,box_plus_minus,classification,conference,defensive_rebound_percentage,defensive_rebounds,effective_field_goal_percentage,field_goal_attempts,field_goals,free_throw_attempt,free_throw_attempt_rate,free_throw_percentage,free_throws,hand_length,hand_width,height_no_shoes,height_shoes,lane_agility,max_leap,minutes_played,offensive_rebound_percentage,offensive_rebounds,overall_pick,personal_fouls,player,player_id,points,position,reach,shuttle_run,sprint,standing_leap,steal_percentage,steals,three_point_attempt_rate,three_point_attempts,three_point_percentage,three_pointers,total_rebound_percentage,total_rebounds,true_shooting_percentage,turnover_percentage,turnovers,two_point_attempts,two_point_percentage,two_pointers,usage_percentage,weight,win_shares,wingspan,year
Aaron Holiday,0.162,0.414,0.384,0.04,California-Los Angeles,29.9,192,8.78,0.7,8,6.4,6.2,Exclude,pac-12,8.7,104.0,0.557,460,212,192,0.417,0.828,159,8.75,8.5,71.75,72.75,10.96,33.0,1244.0,1.6,17.0,23,87.0,Aaron Holiday,aaron-holiday-1,671,G,97.0,3.22,3.27,25.5,1.9,42,0.446,205,0.429,88,5.3,121,0.609,18.5,125.0,255,0.486,124,26.7,187.0,4.9,79.5,2018
Abdel Nader,0.012,0.296,0.622,0.07,Iowa State,8.0,54,11.36,2.1,23,7.79,4.5,Exclude,big-12,14.3,148.0,0.555,337,161,106,0.315,0.736,78,8.95,9.59,79.56,80.81,11.46,34.23,1088.0,2.9,26.0,58,98.0,Abdel Nader,abdel-nader-1,452,F,106.2,3.1,3.3,29.41,1.9,37,0.415,140,0.371,52,9.0,174,0.583,16.9,79.0,197,0.5529999999999999,109,21.5,228.53,2.8,84.53,2016
Alec Peters,0.108,0.208,0.628,0.056,Valparaiso,14.8,64,11.36,1.2,11,8.8,6.4,Exclude,horizon,23.3,219.0,0.528,468,218,194,0.415,0.887,172,8.75,10.0,79.25,80.75,11.46,34.23,1019.0,8.5,74.0,54,64.0,Alec Peters,alec-peters-1,666,F,105.0,3.1,3.3,29.41,1.3,23,0.342,160,0.363,58,16.2,293,0.594,11.2,71.0,308,0.519,160,30.8,232.0,6.1,82.75,2017
Alize Johnson,0.114,0.338,0.478,0.07,Missouri State,19.3,94,8.0,1.5,14,8.1,5.4,Exclude,mvc,30.4,280.0,0.481,400,172,145,0.363,0.759,110,8.5,9.75,79.25,80.0,11.83,31.0,1028.0,11.4,104.0,50,69.0,Alize Johnson,alize-johnson-1,495,F,103.0,3.28,3.38,25.0,0.9,15,0.365,146,0.281,41,21.0,384,0.528,13.6,74.0,254,0.516,131,27.1,216.6,4.7,80.75,2018
Andrew Harrison,0.032,0.424,0.498,0.046,Kentucky,26.0,139,8.78,0.9,8,5.9,9.0,Exclude,sec,8.1,74.0,0.446,267,101,159,0.596,0.792,126,8.25,9.25,76.5,77.5,11.2,33.0,994.0,1.7,13.0,44,70.0,Andrew Harrison,andrew-harrison-1,364,G,100.0,3.04,3.34,26.5,2.5,40,0.35200000000000004,94,0.383,36,5.1,87,0.531,15.7,64.0,173,0.376,65,21.4,213.2,5.1,81.0,2015
Anthony Brown,0.05,0.392,0.476,0.082,Stanford,15.2,94,4.0,0.6,7,6.1,7.0,Exclude,pac-12,18.8,214.0,0.528,408,176,146,0.358,0.795,116,8.5,9.0,77.75,79.25,10.94,34.5,1320.0,3.8,42.0,34,78.0,Anthony Brown,anthony-brown-5,547,F,104.5,3.29,3.18,27.5,1.3,28,0.439,179,0.441,79,11.4,256,0.573,13.1,72.0,229,0.424,97,21.7,211.0,5.2,83.0,2015
Bam Adebayo,0.008,0.262,0.668,0.062,Kentucky,4.7,32,10.79,4.9,57,8.73,9.5,Exclude,sec,17.3,186.0,0.599,284,170,236,0.831,0.653,154,9.12,9.86,82.59,83.73,11.96,31.48,1145.0,11.1,118.0,14,99.0,Bam Adebayo,edrice-adebayo-1,494,C,110.57,3.1,3.42,27.58,1.2,26,0.0,0,,0,14.2,304,0.624,13.9,64.0,284,0.599,170,18.5,247.02,5.6,87.72,2017
Ben Bentil,0.014,0.18,0.77,0.036,Providence,8.0,40,11.36,3.1,36,9.7,6.7,Exclude,big-east,16.6,174.0,0.51,533,246,248,0.465,0.782,194,9.5,10.0,79.25,80.25,11.16,33.0,1198.0,8.4,94.0,51,97.0,Ben Bentil,ben-bentil-1,738,F,105.0,3.1,3.3,29.0,1.4,30,0.29600000000000004,158,0.329,52,12.4,268,0.5670000000000001,9.3,67.0,375,0.517,194,29.6,229.2,5.8,85.5,2016
Ben Simmons,0.158,0.382,0.44,0.02,Louisiana State,27.4,158,8.78,2.5,27,6.39,11.6,Exclude,sec,26.8,285.0,0.561,386,216,297,0.769,0.67,199,8.46,9.1,74.76,76.12,11.11,36.1,1151.0,9.6,103.0,1,92.0,Ben Simmons,ben-simmons-1,632,G,99.43,3.04,3.22,30.1,3.1,65,0.008,3,0.333,1,18.2,388,0.6,17.4,111.0,383,0.561,215,26.4,195.28,6.0,79.4,2016
Bobby Portis,0.032,0.514,0.344,0.11,Arkansas,8.8,42,5.0,4.8,50,8.9,9.0,Role Player,sec,20.2,188.0,0.552,466,250,156,0.335,0.737,115,9.5,9.25,81.5,82.5,11.78,31.5,1076.0,13.6,133.0,22,78.0,Bobby Portis,bobby-portis-1,629,F,108.5,3.28,3.56,25.0,2.1,39,0.064,30,0.467,14,16.8,321,0.5820000000000001,9.4,56.0,436,0.541,236,26.7,246.2,6.1,86.0,2015
Branden Dawson,0.036,0.576,0.316,0.072,Michigan State,12.2,59,12.0,6.3,58,5.8,9.5,Exclude,big-ten,23.5,216.0,0.535,340,182,104,0.306,0.49,51,9.0,8.75,77.5,78.75,12.22,34.5,1055.0,11.9,102.0,56,72.0,Branden Dawson,branden-dawson-1,415,F,105.0,3.53,3.2,28.5,2.5,42,0.0,0,,0,17.9,318,0.5329999999999999,14.7,67.0,340,0.535,182,23.4,230.2,4.4,83.0,2015
Brandon Ingram,0.044,0.258,0.664,0.034,Duke,11.4,72,11.36,3.6,49,7.79,7.5,Role Player,acc,15.5,177.0,0.525,484,214,170,0.35100000000000003,0.682,116,8.95,9.59,79.56,80.81,11.46,34.23,1246.0,6.0,67.0,2,74.0,Brandon Ingram,brandon-ingram-1,624,F,106.2,3.1,3.3,29.41,1.9,41,0.403,195,0.41,80,10.8,244,0.552,11.3,72.0,289,0.464,134,25.6,228.53,4.9,84.53,2016
Brice Johnson,0.054,0.472,0.434,0.04,North Carolina,,58,11.36,,59,7.5,,Exclude,acc,,301.0,0.614,435,267,184,0.423,0.7829999999999999,144,9.0,8.25,81.0,82.5,11.88,38.0,1121.0,,115.0,25,106.0,Brice Johnson,brice-johnson-1,678,F,106.5,2.94,3.2,33.5,,43,0.0,0,,0,,416,0.649,,71.0,435,0.614,267,,208.6,,84.5,2016
Bruce Brown,0.036,0.48,0.388,0.096,Miami (FL),21.3,76,17.0,2.5,15,3.75,6.6,Exclude,acc,20.0,110.0,0.457,188,78,70,0.3720000000000001,0.629,44,8.5,8.5,75.5,77.0,11.11,38.0,640.0,4.6,25.0,42,43.0,Bruce Brown,bruce-brown-2,216,G,98.5,3.44,3.2,32.5,2.3,25,0.319,60,0.267,16,12.4,135,0.488,16.3,43.0,128,0.484,62,21.2,194.6,1.9,81.0,2018
Buddy Hield,0.08,0.416,0.382,0.122,Oklahoma,12.7,75,8.78,1.4,18,6.1,11.5,Starter,big-12,13.0,166.0,0.623,601,301,200,0.333,0.88,176,8.5,9.0,75.75,77.0,11.11,36.1,1309.0,4.0,46.0,6,76.0,Buddy Hield,buddy-hield-1,925,G,101.0,3.04,3.22,30.1,1.8,42,0.536,322,0.457,147,8.8,212,0.665,14.0,113.0,279,0.552,154,30.2,212.4,7.6,81.25,2016
Caleb Swanigan,0.102,0.308,0.492,0.098,Purdue,18.9,107,11.36,2.5,28,7.79,10.6,Exclude,big-ten,32.7,340.0,0.5720000000000001,421,222,210,0.499,0.7809999999999999,164,9.5,10.25,79.5,80.5,11.46,34.23,1139.0,10.7,96.0,26,97.0,Caleb Swanigan,caleb-swanigan-1,646,F,108.0,3.1,3.3,29.41,0.8,15,0.202,85,0.447,38,22.5,436,0.62,18.5,118.0,336,0.5479999999999999,184,28.1,245.6,6.4,87.0,2017
Cameron Payne,0.112,0.452,0.41,0.026,Murray State,40.0,209,0.0,1.6,17,6.3,8.9,Exclude,ovc,10.6,108.0,0.534,537,245,169,0.315,0.787,133,8.5,8.25,72.75,73.5,10.9,35.5,1127.0,2.2,21.0,14,72.0,Cameron Payne,cameron-payne-1,707,G,97.5,2.93,3.28,29.8,3.6,68,0.415,223,0.377,84,6.6,129,0.573,12.4,87.0,314,0.513,161,31.5,182.8,7.3,79.25,2015
Caris LeVert,0.012,0.612,0.234,0.142,Michigan,33.3,74,8.78,0.7,3,7.55,11.9,Exclude,big-ten,18.8,71.0,0.596,162,82,68,0.42,0.794,54,8.5,9.25,77.75,79.0,11.11,36.1,464.0,2.4,9.0,20,18.0,Caris LeVert,caris-levert-1,247,G,101.0,3.04,3.22,30.1,2.0,15,0.401,65,0.446,29,10.6,80,0.636,11.4,25.0,97,0.546,53,25.6,191.0,2.8,82.0,2016
Chandler Hutchison,0.05,0.412,0.512,0.026,Boise State,24.1,107,11.36,0.9,8,7.79,7.9,Exclude,mwc,25.6,211.0,0.528,432,205,224,0.519,0.728,163,8.95,9.59,79.56,80.81,11.46,34.23,961.0,3.4,27.0,22,74.0,Chandler Hutchison,chandler-hutchison-1,619,F,106.2,3.1,3.3,29.41,2.7,46,0.29600000000000004,128,0.359,46,14.6,238,0.575,16.2,104.0,304,0.523,159,33.2,228.53,5.0,84.53,2018
Cheick Diallo,0.054,0.476,0.27,0.2,Kansas,0.9,1,11.36,11.9,23,5.6,4.2,Role Player,big-12,27.0,51.0,0.569,58,33,27,0.466,0.556,15,8.5,9.75,79.5,81.0,11.24,35.0,202.0,10.5,17.0,33,38.0,Cheick Diallo,cheick-diallo-1,81,F,107.5,3.3,3.26,31.0,2.0,7,0.0,0,,0,19.4,68,0.5720000000000001,19.4,17.0,58,0.569,33,21.7,218.6,0.8,88.5,2016
Chimezie Metu,0.014,0.362,0.584,0.04,Southern California,10.0,53,5.0,6.3,59,5.05,6.1,Exclude,pac-12,21.1,189.0,0.5379999999999999,392,205,152,0.388,0.73,111,9.0,9.25,80.5,81.5,11.89,36.0,1053.0,7.2,64.0,49,87.0,Chimezie Metu,chimezie-metu-1,533,F,108.0,3.25,3.33,29.5,1.5,27,0.102,40,0.3,12,14.2,253,0.574,12.8,68.0,352,0.5479999999999999,193,25.8,219.6,4.4,84.5,2018
Chinanu Onuaku,0.118,0.48,0.27,0.132,Louisville,12.9,51,10.79,9.6,62,8.55,13.9,Exclude,acc,25.8,172.0,0.62,221,137,56,0.253,0.589,33,9.0,8.0,81.0,82.0,11.65,33.5,762.0,13.7,91.0,37,92.0,Chinanu Onuaku,chinanu-onuaku-1,307,C,108.5,3.0,3.5,27.5,1.9,24,0.005,1,0.0,0,19.8,263,0.62,20.8,65.0,220,0.623,137,20.5,245.2,4.2,86.75,2016
Chris McCullough,0.016,0.446,0.312,0.226,Syracuse,8.2,18,11.36,8.5,33,6.2,6.8,Exclude,acc,18.5,74.0,0.482,113,54,71,0.628,0.563,40,8.75,8.75,80.25,81.0,11.46,34.23,450.0,9.0,36.0,29,41.0,Chris McCullough,chris-mccullough-1,149,F,109.0,3.1,3.3,29.41,3.6,27,0.009000000000000001,1,1.0,1,13.8,110,0.508,19.3,35.0,112,0.473,53,20.7,199.0,1.4,87.25,2015
Collin Sexton,0.098,0.33,0.496,0.076,Alabama,27.8,119,8.78,0.3,3,5.6,6.5,Exclude,sec,9.8,90.0,0.498,438,196,252,0.575,0.778,196,8.25,8.5,72.5,73.5,11.11,36.1,987.0,4.1,34.0,8,81.0,Collin Sexton,collin-sexton-1,632,G,98.5,3.04,3.22,30.1,1.6,28,0.299,131,0.336,44,7.0,124,0.5670000000000001,14.2,92.0,307,0.495,152,32.9,183.0,4.4,79.25,2018
D'Angelo Russell,0.082,0.516,0.374,0.028,Ohio State,30.1,175,8.78,1.1,11,6.39,11.7,Starter,big-ten,15.4,163.0,0.541,515,231,156,0.303,0.7559999999999999,118,8.46,9.1,74.76,76.12,11.11,36.1,1188.0,3.6,35.0,2,74.0,D'Angelo Russell,dangelo-russell-1,675,G,99.43,3.04,3.22,30.1,2.8,55,0.449,231,0.411,95,9.8,198,0.573,14.8,102.0,284,0.479,136,30.2,195.28,6.8,79.4,2015
D.J. Wilson,0.036,0.476,0.374,0.114,Michigan,8.5,50,11.36,5.2,57,6.4,9.4,Exclude,big-ten,16.5,146.0,0.605,305,164,60,0.197,0.833,50,9.25,10.25,80.75,82.5,11.46,34.23,1155.0,6.6,57.0,17,72.0,D.J. Wilson,dj-wilson-1,419,F,109.5,3.1,3.3,29.41,1.1,20,0.361,110,0.373,41,11.6,203,0.628,11.2,42.0,195,0.631,123,18.3,234.4,4.8,87.0,2017
Dakari Johnson,0.034,0.21,0.386,0.37,Kentucky,8.9,29,4.0,6.1,36,14.9,10.2,Exclude,sec,19.1,112.0,0.506,156,79,144,0.923,0.625,90,9.25,10.5,83.0,83.75,11.76,25.0,635.0,13.4,67.0,48,69.0,Dakari Johnson,dakari-johnson-1,248,C,112.0,2.94,3.62,22.5,1.4,14,0.0,0,,0,16.5,179,0.5529999999999999,15.8,42.0,156,0.506,79,22.0,264.6,3.6,86.0,2015
Damian Jones,0.022,0.368,0.518,0.092,Vanderbilt,10.2,38,10.79,5.9,54,6.55,6.7,Exclude,sec,17.3,153.0,0.59,312,184,168,0.5379999999999999,0.536,90,8.75,10.5,82.25,83.5,11.35,37.0,866.0,9.9,74.0,30,108.0,Damian Jones,damian-jones-1,458,C,107.0,3.12,3.2,36.0,0.5,8,0.01,3,0.0,0,13.9,227,0.584,14.2,65.0,309,0.595,184,26.8,243.6,3.8,87.75,2016
Damyean Dotson,0.02,0.498,0.324,0.158,Houston,6.9,36,13.0,0.6,5,5.3,7.9,Exclude,aac,18.1,173.0,0.595,430,202,53,0.123,0.83,44,8.5,9.25,76.5,77.5,11.18,38.0,1098.0,5.1,49.0,44,53.0,Damyean Dotson,damyean-dotson-1,556,G,100.0,3.03,3.13,31.5,1.6,29,0.5670000000000001,244,0.443,108,11.5,222,0.611,6.8,33.0,186,0.505,94,23.1,205.2,5.9,81.0,2017
Daniel Hamilton,0.046,0.418,0.48,0.056,Connecticut,29.2,170,8.78,1.5,15,5.95,8.1,Exclude,aac,27.0,288.0,0.444,411,159,100,0.243,0.86,86,9.0,8.5,78.25,80.0,11.48,29.0,1147.0,3.6,33.0,56,66.0,Daniel Hamilton,daniel-hamilton-1,451,G,103.5,3.2,3.4,26.0,2.0,38,0.345,142,0.331,47,16.1,321,0.4920000000000001,15.6,85.0,269,0.416,112,25.1,197.0,4.7,81.0,2016
Darrun Hilliard,0.046,0.488,0.402,0.064,Villanova,15.9,74,8.78,1.3,12,6.39,10.2,Exclude,big-east,10.7,93.0,0.5429999999999999,386,170,103,0.267,0.7959999999999999,82,8.46,9.1,74.76,76.12,11.11,36.1,1007.0,2.0,16.0,38,78.0,Darrun Hilliard,darrun-hilliard-1,501,G,99.43,3.04,3.22,30.1,3.8,63,0.528,204,0.387,79,6.5,109,0.5760000000000001,8.8,42.0,182,0.5,91,25.2,195.28,5.5,79.4,2015
Davon Reed,0.026,0.438,0.472,0.064,Miami (FL),14.3,79,12.0,1.5,16,6.5,8.5,Exclude,acc,13.1,130.0,0.539,372,161,108,0.29,0.833,90,9.25,9.5,76.5,77.5,11.37,36.0,1165.0,2.9,28.0,32,52.0,Davon Reed,davon-reed-1,491,G,102.0,3.21,3.34,28.5,2.3,43,0.535,199,0.397,79,8.1,158,0.58,13.7,67.0,173,0.474,82,22.2,206.2,4.8,84.0,2017
De'Aaron Fox,0.148,0.332,0.48,0.04,Kentucky,28.6,165,8.78,0.7,7,6.39,8.7,Exclude,sec,12.2,122.0,0.498,447,214,212,0.474,0.736,156,8.46,9.1,74.76,76.12,11.11,36.1,1064.0,2.1,21.0,5,90.0,De'Aaron Fox,deaaron-fox-1,601,G,99.43,3.04,3.22,30.1,2.7,53,0.154,69,0.246,17,7.2,143,0.5489999999999999,13.7,87.0,378,0.521,197,27.5,195.28,5.1,79.4,2017
DeAndre' Bembry,0.068,0.462,0.414,0.056,Saint Joseph's,24.1,161,11.36,2.5,30,7.79,9.1,Exclude,atlantic-10,17.9,228.0,0.513,497,238,178,0.358,0.657,117,8.95,9.59,79.56,80.81,11.46,34.23,1341.0,4.3,51.0,21,88.0,DeAndre' Bembry,deandre-bembry-1,627,F,106.2,3.1,3.3,29.41,2.2,51,0.258,128,0.266,34,11.3,279,0.539,11.2,73.0,369,0.5529999999999999,204,24.4,228.53,5.8,84.53,2016
Deandre Ayton,0.068,0.58,0.286,0.066,Arizona,10.2,57,10.79,6.1,66,8.73,10.9,Exclude,pac-12,28.2,287.0,0.625,451,276,191,0.424,0.733,140,9.12,9.86,82.59,83.73,11.96,31.48,1172.0,13.5,118.0,1,81.0,Deandre Ayton,deandre-ayton-1,704,C,110.57,3.1,3.42,27.58,1.0,20,0.078,35,0.343,12,21.4,405,0.65,11.3,69.0,416,0.635,264,26.6,247.02,7.6,87.72,2018
Dejounte Murray,0.092,0.442,0.434,0.032,Washington,25.6,151,8.78,0.8,10,6.39,4.3,Exclude,pac-12,13.7,155.0,0.451,486,202,166,0.342,0.6629999999999999,110,8.46,9.1,74.76,76.12,11.11,36.1,1139.0,4.1,48.0,29,90.0,Dejounte Murray,dejounte-murray-1,548,G,99.43,3.04,3.22,30.1,2.8,62,0.243,118,0.28800000000000003,34,8.8,203,0.485,16.3,110.0,368,0.457,168,25.9,195.28,2.8,79.4,2016
Delon Wright,0.13,0.576,0.266,0.028,Utah,33.0,178,4.0,3.2,34,6.6,16.2,Starter,pac-12,13.7,139.0,0.5489999999999999,324,165,183,0.565,0.836,153,8.0,8.5,76.25,77.5,11.16,31.0,1165.0,4.0,34.0,20,49.0,Delon Wright,delon-wright-1,509,G,101.5,3.5,3.29,29.5,4.0,73,0.225,73,0.35600000000000004,26,9.3,173,0.619,14.2,68.0,251,0.5539999999999999,139,22.8,181.4,8.4,79.5,2015
Demetrius Jackson,0.11,0.506,0.318,0.066,Notre Dame,25.1,164,8.78,0.8,10,6.5,6.7,Exclude,acc,8.0,90.0,0.514,428,193,139,0.325,0.813,113,8.25,9.0,72.0,73.25,10.81,43.5,1259.0,3.0,31.0,45,68.0,Demetrius Jackson,demetrius-jackson-2,553,G,93.0,2.87,3.25,37.5,2.1,43,0.381,163,0.331,54,5.6,121,0.56,13.3,76.0,265,0.525,139,24.1,193.8,4.4,77.5,2016
Dennis Smith Jr.,0.144,0.504,0.328,0.024,North Carolina State,34.2,197,8.78,1.2,14,6.39,7.3,Exclude,acc,11.5,120.0,0.52,420,191,200,0.476,0.715,143,8.46,9.1,74.76,76.12,11.11,36.1,1114.0,2.7,26.0,9,67.0,Dennis Smith Jr.,dennis-smithjr-1,580,G,99.43,3.04,3.22,30.1,3.1,62,0.364,153,0.359,55,7.3,146,0.563,17.3,108.0,267,0.509,136,27.2,195.28,4.0,79.4,2017
Denzel Valentine,0.066,0.426,0.362,0.146,Michigan State,45.8,241,8.78,0.7,7,9.2,16.5,Exclude,big-ten,21.2,208.0,0.579,444,205,95,0.214,0.853,81,8.5,9.75,76.0,77.75,10.51,32.0,1022.0,3.0,25.0,14,52.0,Denzel Valentine,denzel-valentine-1,595,G,102.0,3.22,3.46,27.0,1.9,32,0.527,234,0.444,104,12.8,233,0.608,14.8,85.0,210,0.481,101,28.4,210.4,7.3,82.75,2016
Derrick White,0.046,0.612,0.298,0.044,Colorado,28.6,148,10.0,4.9,49,6.2,11.8,Exclude,pac-12,10.5,104.0,0.578,404,205,182,0.45,0.813,148,8.25,8.5,75.25,76.5,10.84,36.5,1116.0,3.5,35.0,29,72.0,Derrick White,derrick-white-1,615,G,101.5,2.92,3.08,31.0,2.2,42,0.35600000000000004,144,0.396,57,7.0,139,0.627,14.2,81.0,260,0.569,148,25.3,189.8,5.9,79.5,2017
Devin Booker,0.02,0.406,0.452,0.122,Kentucky,10.9,42,8.0,0.3,2,8.3,8.9,Starter,sec,7.8,59.0,0.5710000000000001,287,135,64,0.223,0.828,53,8.75,9.0,76.5,77.75,10.27,34.5,816.0,2.6,17.0,13,58.0,Devin Booker,devin-booker-2,381,G,102.5,2.75,3.28,27.5,1.3,17,0.491,141,0.411,58,5.4,76,0.6,10.4,37.0,146,0.527,77,22.8,205.8,4.5,80.25,2015
Devonte' Graham,0.192,0.306,0.44,0.062,Kansas,31.4,282,8.78,0.1,2,6.39,8.4,Exclude,big-12,9.6,133.0,0.51,498,199,202,0.406,0.8270000000000001,167,8.46,9.1,74.76,76.12,11.11,36.1,1474.0,2.0,24.0,34,56.0,Devonte' Graham,devonte-graham-1,675,G,99.43,3.04,3.22,30.1,2.4,62,0.544,271,0.406,110,6.0,157,0.568,15.5,109.0,227,0.392,89,23.9,195.28,6.7,79.4,2018
Deyonta Davis,0.048,0.47,0.27,0.212,Michigan State,7.5,26,11.36,10.2,64,9.7,10.8,Exclude,big-ten,19.0,119.0,0.598,199,119,38,0.191,0.605,23,9.0,9.25,81.25,82.5,11.46,34.23,650.0,13.5,72.0,31,80.0,Deyonta Davis,deyonta-davis-1,261,F,108.5,3.1,3.3,29.41,0.8,9,0.0,0,,0,16.5,191,0.601,12.1,30.0,199,0.598,119,19.2,237.2,3.3,86.5,2016
Diamond Stone,0.004,0.26,0.54,0.196,Maryland,4.2,15,10.79,7.1,55,12.85,5.3,Exclude,big-ten,14.5,111.0,0.568,294,167,134,0.456,0.7609999999999999,102,8.5,7.75,81.0,82.25,12.02,29.5,807.0,12.4,77.0,40,80.0,Diamond Stone,diamond-stone-1,436,C,108.5,3.22,3.5,27.0,1.3,18,0.0,0,,0,13.6,188,0.61,12.9,53.0,294,0.568,167,26.7,254.4,4.1,86.75,2016
Dillon Brooks,0.046,0.372,0.51,0.072,Oregon,23.1,95,16.0,2.0,16,7.5,8.6,Exclude,pac-12,9.7,78.0,0.556,422,206,126,0.299,0.754,95,8.25,9.25,77.0,78.0,11.14,37.5,886.0,4.8,35.0,45,97.0,Dillon Brooks,dillon-brooks-1,564,G,100.5,3.24,3.21,31.0,2.5,38,0.336,142,0.401,57,7.4,113,0.585,13.0,72.0,280,0.532,149,31.6,220.2,4.7,78.0,2017
Domantas Sabonis,0.074,0.382,0.512,0.032,Gonzaga,11.3,64,11.36,2.7,31,7.79,9.0,Starter,wcc,28.2,316.0,0.618,391,239,195,0.499,0.769,150,8.95,9.59,79.56,80.81,11.46,34.23,1149.0,11.7,110.0,11,115.0,Domantas Sabonis,domantas-sabonis-1,633,F,106.2,3.1,3.3,29.41,1.1,22,0.036000000000000004,14,0.35700000000000004,5,20.7,426,0.654,16.0,92.0,377,0.621,234,25.6,228.53,7.5,84.53,2016
Donovan Mitchell,0.056,0.514,0.358,0.072,Louisville,16.0,93,10.0,1.7,17,5.9,11.6,Exclude,acc,12.9,128.0,0.498,444,181,108,0.243,0.8059999999999999,87,8.5,9.5,73.25,75.0,11.53,40.5,1098.0,3.7,37.0,13,88.0,Donovan Mitchell,donovan-mitchell-1,529,G,97.0,3.07,3.01,36.5,3.7,70,0.509,226,0.354,80,8.3,165,0.534,10.2,56.0,218,0.463,101,24.6,211.4,5.4,82.0,2017
Donte DiVincenzo,0.054,0.592,0.274,0.08,Villanova,20.0,139,12.0,0.7,8,5.0,9.6,Exclude,big-east,13.9,144.0,0.59,391,188,107,0.274,0.71,76,8.25,9.0,75.5,76.5,10.72,42.0,1170.0,4.9,46.0,17,83.0,Donte DiVincenzo,donte-divincenzo-1,537,G,97.5,3.12,3.11,34.5,2.0,42,0.542,212,0.401,85,9.6,190,0.608,15.2,79.0,179,0.575,103,22.4,200.6,5.5,78.0,2018
Dwayne Bacon,0.028,0.248,0.59,0.134,Florida State,11.6,61,8.0,0.4,4,7.9,4.3,Exclude,acc,12.0,112.0,0.51,489,221,138,0.282,0.754,104,8.75,10.0,76.75,78.25,11.7,36.5,1008.0,4.0,35.0,40,55.0,Dwayne Bacon,dwayne-bacon-1,603,G,103.5,3.22,3.22,30.0,1.9,35,0.35,171,0.333,57,8.1,147,0.544,11.4,71.0,318,0.516,164,29.4,221.6,3.8,82.0,2017
Edmond Sumner,0.042,0.39,0.454,0.114,Xavier,30.2,105,8.78,2.7,16,8.3,7.9,Exclude,big-east,13.7,80.0,0.507,211,101,136,0.645,0.735,100,8.25,9.0,76.0,77.75,11.11,36.1,696.0,1.8,11.0,52,51.0,Edmond Sumner,edmond-sumner-1,314,G,102.5,3.04,3.22,30.1,2.3,27,0.209,44,0.273,12,7.6,91,0.57,17.4,58.0,167,0.5329999999999999,89,24.0,176.4,2.7,81.0,2017
Frank Jackson,0.03,0.432,0.42,0.118,Duke,12.6,61,9.0,0.2,2,6.7,5.3,Exclude,acc,8.3,67.0,0.564,281,133,102,0.363,0.755,77,8.25,9.0,74.0,75.5,10.94,42.0,895.0,3.1,23.0,31,85.0,Frank Jackson,frank-jackson-2,394,G,98.0,2.7,3.14,34.5,1.3,20,0.459,129,0.395,51,5.8,90,0.598,12.9,49.0,152,0.539,82,21.1,201.6,3.3,79.5,2017
Frank Kaminsky,0.086,0.532,0.304,0.078,Wisconsin,18.4,103,10.79,4.5,57,9.4,15.3,Role Player,big-ten,25.7,262.0,0.59,488,267,200,0.41,0.78,156,8.5,9.5,83.75,84.75,11.96,31.48,1311.0,6.0,58.0,9,65.0,Frank Kaminsky,frank-kaminsky-1,732,C,109.5,3.1,3.42,27.58,1.7,33,0.207,101,0.416,42,16.1,320,0.628,9.8,63.0,387,0.581,225,28.6,231.2,9.8,83.0,2015
Gary Trent Jr.,0.03,0.416,0.482,0.072,Duke,6.8,52,8.78,0.4,5,6.39,7.2,Exclude,acc,10.3,126.0,0.528,427,177,97,0.227,0.8759999999999999,85,8.46,9.1,74.76,76.12,11.11,36.1,1253.0,2.9,31.0,37,62.0,Gary Trent Jr.,gary-trentjr-1,536,G,99.43,3.04,3.22,30.1,1.9,43,0.564,241,0.402,97,6.8,157,0.5670000000000001,7.4,38.0,186,0.43,80,19.5,195.28,5.1,79.4,2018
George King,0.036,0.44,0.384,0.14,Colorado,8.2,35,15.0,2.6,21,7.25,4.3,Exclude,pac-12,23.3,195.0,0.542,319,142,87,0.273,0.782,68,9.0,10.25,76.75,78.0,10.75,39.0,913.0,7.2,56.0,59,78.0,George King,george-king-1,414,F,101.5,3.08,3.29,31.0,1.1,17,0.4920000000000001,157,0.395,62,15.5,251,0.574,15.1,64.0,162,0.494,80,23.3,218.6,3.0,83.5,2018
Georges Niang,0.024,0.306,0.608,0.062,Iowa State,19.2,117,11.36,1.8,22,10.05,8.7,Exclude,big-12,15.6,172.0,0.6,518,283,119,0.23,0.807,96,9.25,9.25,78.75,80.5,11.64,31.0,1162.0,4.8,46.0,50,111.0,Georges Niang,georges-niang-1,718,F,103.0,3.17,3.49,25.0,1.5,31,0.276,143,0.392,56,10.6,218,0.625,13.8,92.0,375,0.605,227,28.7,230.8,5.6,82.0,2016
Grayson Allen,0.066,0.56,0.328,0.046,Duke,21.2,172,8.78,0.2,2,5.55,9.4,Exclude,acc,8.0,103.0,0.536,433,181,127,0.293,0.85,108,8.25,10.0,75.0,76.5,10.31,40.5,1319.0,1.8,20.0,21,79.0,Grayson Allen,grayson-allen-1,572,G,97.0,3.04,3.15,32.5,2.8,64,0.637,276,0.37,102,5.1,123,0.58,13.8,79.0,157,0.503,79,20.7,198.0,5.9,79.25,2018
Hamidou Diallo,0.028,0.334,0.484,0.154,Kentucky,9.5,46,1.0,1.6,13,4.45,3.2,Exclude,sec,11.5,102.0,0.47,313,134,125,0.399,0.616,77,8.75,9.0,76.25,78.0,10.53,40.5,918.0,4.2,33.0,45,96.0,Hamidou Diallo,hamidou-diallo-1,371,G,103.0,3.14,3.1,32.5,1.7,28,0.246,77,0.338,26,8.1,135,0.498,12.0,51.0,236,0.458,108,22.6,197.0,2.4,83.5,2018
Henry Ellenson,0.026,0.296,0.628,0.05,Marquette,11.0,59,11.36,4.4,49,11.2,3.6,Exclude,big-east,24.2,250.0,0.48,435,194,191,0.439,0.7490000000000001,143,8.5,9.75,82.0,83.5,11.46,34.23,1107.0,7.8,71.0,18,84.0,Henry Ellenson,henry-ellenson-1,561,F,108.0,3.1,3.3,29.41,1.4,28,0.239,104,0.28800000000000003,30,16.5,321,0.534,12.9,78.0,331,0.495,164,26.7,242.0,4.0,86.25,2016
Ike Anigbogu,0.016,0.372,0.364,0.248,California-Los Angeles,2.3,6,11.0,8.8,35,5.4,2.7,Exclude,pac-12,19.9,76.0,0.564,101,57,43,0.426,0.535,23,9.5,10.0,80.5,81.75,12.52,32.5,377.0,13.2,41.0,47,72.0,Ike Anigbogu,ike-anigbogu-1,137,C,110.5,3.48,3.44,29.5,0.7,5,0.0,0,,0,16.9,117,0.564,16.5,24.0,101,0.564,57,18.4,252.2,1.3,90.25,2017
Isaiah Whitehead,0.052,0.314,0.57,0.064,Seton Hall,33.0,173,8.78,4.5,49,9.25,7.7,Exclude,big-east,9.7,104.0,0.458,512,194,196,0.383,0.76,149,8.5,8.75,75.25,76.5,11.65,35.5,1098.0,1.8,18.0,42,78.0,Isaiah Whitehead,isaiah-whitehead-1,618,G,100.0,3.21,3.34,27.5,2.1,40,0.434,222,0.365,81,5.9,122,0.511,16.4,119.0,290,0.39,113,31.6,210.0,4.2,80.75,2016
Ivan Rabb,0.032,0.436,0.464,0.068,California,10.9,48,3.0,3.3,31,6.8,6.7,Exclude,pac-12,25.7,230.0,0.4970000000000001,312,151,187,0.599,0.6629999999999999,124,8.75,9.0,80.75,82.0,12.68,32.5,1012.0,10.7,94.0,35,96.0,Ivan Rabb,ivan-rabb-1,434,F,109.0,3.23,3.35,28.5,1.3,21,0.064,20,0.4,8,18.3,324,0.541,14.3,67.0,292,0.49,143,23.8,219.6,4.6,85.5,2017
Jabari Bird,0.006,0.476,0.394,0.124,California,7.7,28,8.78,0.8,6,6.39,5.0,Exclude,pac-12,13.2,101.0,0.542,318,140,55,0.173,0.764,42,8.46,9.1,74.76,76.12,11.11,36.1,863.0,3.5,26.0,56,52.0,Jabari Bird,jabari-bird-1,387,G,99.43,3.04,3.22,30.1,1.3,18,0.56,178,0.365,65,8.4,127,0.562,12.7,50.0,140,0.536,75,23.5,195.28,3.1,79.4,2017
Jacob Evans,0.016,0.524,0.382,0.078,Cincinnati,20.0,113,8.0,3.7,35,6.5,10.6,Exclude,aac,12.0,120.0,0.507,377,161,114,0.302,0.754,86,9.0,9.25,76.25,77.5,11.11,35.5,1107.0,5.2,50.0,28,72.0,Jacob Evans,jacob-evans-1,468,G,102.5,3.14,3.2,28.0,2.6,47,0.43,162,0.37,60,8.7,170,0.5429999999999999,12.7,63.0,215,0.47,101,22.5,199.6,5.9,81.25,2018
Jahlil Okafor,0.054,0.396,0.496,0.054,Duke,9.4,49,10.79,4.5,54,8.73,10.9,Role Player,acc,18.2,188.0,0.664,420,279,194,0.462,0.51,99,9.12,9.86,82.59,83.73,11.96,31.48,1143.0,14.8,134.0,3,81.0,Jahlil Okafor,jahlil-okafor-1,657,C,110.57,3.1,3.42,27.58,1.5,29,0.0,0,,0,16.6,322,0.6409999999999999,15.6,95.0,420,0.664,279,27.6,247.02,6.7,87.72,2015
Jake Layman,0.032,0.448,0.386,0.134,Maryland,7.0,41,11.36,3.4,36,7.1,8.6,Exclude,big-ten,14.3,151.0,0.602,280,140,95,0.339,0.8320000000000001,79,8.25,9.25,80.0,81.25,11.35,39.5,1112.0,4.4,38.0,47,69.0,Jake Layman,jake-layman-1,416,F,102.0,2.82,3.24,33.0,2.1,40,0.514,144,0.396,57,9.9,189,0.64,15.8,61.0,136,0.61,83,18.2,208.6,4.4,81.25,2016
Jakob Poeltl,0.034,0.608,0.262,0.096,Utah,13.9,70,10.79,5.0,56,5.8,11.2,Starter,pac-12,22.1,225.0,0.6459999999999999,353,228,238,0.674,0.6890000000000001,164,9.25,10.25,84.25,85.0,11.96,31.48,1093.0,11.9,102.0,9,83.0,Jakob Poeltl,jakob-poeltl-1,620,C,111.5,3.1,3.42,27.58,1.1,21,0.0,0,,0,17.4,327,0.665,13.7,74.0,353,0.6459999999999999,228,25.7,239.0,6.8,86.75,2016
Jalen Brunson,0.072,0.48,0.346,0.102,Villanova,26.6,184,7.0,0.1,1,6.7,9.6,Exclude,big-east,9.7,110.0,0.604,518,270,162,0.313,0.802,130,8.25,9.25,73.0,74.25,10.59,37.0,1272.0,1.2,12.0,33,78.0,Jalen Brunson,jalen-brunson-1,756,G,96.0,3.11,3.15,29.0,1.7,37,0.407,211,0.408,86,5.6,122,0.635,10.7,71.0,307,0.599,184,26.4,198.4,7.7,76.0,2018
Jamal Murray,0.02,0.36,0.556,0.064,Kentucky,12.1,79,8.78,0.9,11,6.39,9.1,Starter,sec,11.2,133.0,0.5589999999999999,538,244,152,0.28300000000000003,0.7829999999999999,119,8.46,9.1,74.76,76.12,11.11,36.1,1267.0,4.9,53.0,7,75.0,Jamal Murray,jamal-murray-1,720,G,99.43,3.04,3.22,30.1,1.6,35,0.515,277,0.408,113,8.2,186,0.59,12.1,84.0,261,0.502,131,27.1,195.28,6.1,79.4,2016
Jarell Martin,0.006,0.184,0.788,0.022,Louisiana State,10.5,59,19.0,1.8,23,10.1,5.3,Bust,sec,18.1,207.0,0.526,397,202,203,0.511,0.69,140,8.25,9.5,80.0,81.25,11.2,35.0,1159.0,9.7,98.0,25,92.0,Jarell Martin,jarell-martin-1,558,F,106.5,2.97,3.27,28.5,1.9,38,0.131,52,0.269,14,14.1,305,0.565,15.7,92.0,345,0.545,188,24.8,238.6,5.1,81.0,2015
Jaren Jackson Jr.,0.072,0.458,0.326,0.144,Michigan State,9.3,39,11.36,14.3,106,7.79,15.4,Exclude,big-ten,19.7,151.0,0.595,232,119,133,0.573,0.797,106,8.95,9.59,79.56,80.81,11.46,34.23,764.0,8.8,52.0,4,112.0,Jaren Jackson Jr.,jaren-jacksonjr-1,382,F,106.2,3.1,3.3,29.41,1.6,21,0.414,96,0.396,38,15.0,203,0.647,17.4,62.0,136,0.596,81,23.5,228.53,4.6,84.53,2018
Jaron Blossomgame,0.032,0.258,0.652,0.058,Clemson,9.7,51,16.0,2.9,30,5.7,5.6,Exclude,acc,15.5,148.0,0.526,441,220,168,0.381,0.7140000000000001,120,8.75,10.25,77.75,78.75,11.47,35.5,1133.0,5.9,59.0,59,53.0,Jaron Blossomgame,jaron-blossomgame-1,584,F,104.5,3.35,3.17,31.0,1.4,27,0.213,94,0.255,24,10.6,207,0.561,9.7,56.0,347,0.565,196,25.9,218.6,4.3,82.0,2017
Jarred Vanderbilt,0.044,0.428,0.27,0.258,Kentucky,10.7,14,11.36,5.3,11,7.79,7.8,Exclude,sec,27.9,64.0,0.426,68,29,38,0.5589999999999999,0.632,24,8.95,9.59,79.56,80.81,11.46,34.23,238.0,23.1,46.0,41,37.0,Jarred Vanderbilt,jarred-vanderbilt-1,82,F,106.2,3.1,3.3,29.41,1.4,6,0.015,1,0.0,0,25.7,110,0.476,14.8,15.0,67,0.433,29,20.8,228.53,1.0,84.53,2018
Jarrett Allen,0.026,0.378,0.42,0.176,Texas,5.7,27,4.0,5.0,51,7.4,5.5,Exclude,big-12,18.9,178.0,0.5660000000000001,316,179,149,0.472,0.564,84,9.5,10.5,81.0,82.25,11.82,35.5,1061.0,10.9,100.0,22,68.0,Jarrett Allen,jarrett-allen-1,442,C,109.5,3.0,3.21,31.5,1.0,19,0.022,7,0.0,0,14.9,278,0.5710000000000001,17.8,84.0,309,0.579,179,22.6,233.6,3.3,89.25,2017
Jawun Evans,0.092,0.402,0.45,0.056,Oklahoma State,43.6,204,1.0,0.5,4,9.1,9.1,Exclude,big-12,11.0,86.0,0.475,482,211,191,0.396,0.812,155,8.0,7.75,70.75,71.5,11.34,33.5,936.0,2.8,24.0,39,74.0,Jawun Evans,jawun-evans-1,613,G,95.0,3.26,3.21,27.5,3.3,57,0.197,95,0.379,36,6.8,110,0.535,13.6,90.0,387,0.452,175,32.7,185.2,4.8,77.5,2017
Jaylen Brown,0.042,0.338,0.56,0.06,California,15.3,68,8.78,2.2,22,5.05,3.6,Role Player,pac-12,16.5,146.0,0.471,378,163,217,0.574,0.654,142,8.75,9.0,77.25,78.75,11.11,36.1,939.0,4.5,36.0,3,108.0,Jaylen Brown,jaylen-brown-1,498,G,102.5,3.04,3.22,30.1,1.7,27,0.27,102,0.294,30,10.8,182,0.518,17.9,105.0,276,0.482,133,31.4,222.8,2.7,83.75,2016
Jayson Tatum,0.04,0.296,0.634,0.03,Duke,12.4,62,11.36,3.2,33,7.79,7.5,Exclude,acc,19.7,174.0,0.507,365,165,139,0.381,0.8490000000000001,118,8.95,9.59,79.56,80.81,11.46,34.23,966.0,4.8,39.0,3,86.0,Jayson Tatum,jayson-tatum-1,488,F,106.2,3.1,3.3,29.41,2.3,39,0.321,117,0.342,40,12.6,213,0.5660000000000001,15.0,76.0,248,0.504,125,26.2,228.53,4.1,84.53,2017
Jerian Grant,0.08,0.478,0.416,0.026,Notre Dame,33.6,253,8.78,1.4,19,5.6,8.9,Role Player,acc,8.3,102.0,0.536,427,204,218,0.511,0.78,170,8.25,8.5,75.25,76.25,11.11,36.1,1408.0,1.3,13.0,19,75.0,Jerian Grant,jerian-grant-1,628,G,100.0,3.04,3.22,30.1,2.8,63,0.37,158,0.316,50,5.1,115,0.5920000000000001,13.4,82.0,269,0.5720000000000001,154,24.2,198.0,7.7,79.5,2015
Jerome Robinson,0.038,0.312,0.57,0.08,Boston College,19.5,116,8.78,0.4,5,6.05,4.4,Exclude,acc,9.7,109.0,0.564,513,249,176,0.343,0.83,146,9.0,10.0,76.0,77.0,11.11,36.1,1260.0,1.5,17.0,13,88.0,Jerome Robinson,jerome-robinson-2,725,G,98.0,3.04,3.22,30.1,1.4,30,0.386,198,0.409,81,5.6,126,0.608,13.9,96.0,315,0.5329999999999999,168,27.3,188.4,4.9,79.25,2018
Jevon Carter,0.062,0.556,0.292,0.09,West Virginia,36.2,246,14.0,1.2,13,4.15,12.5,Exclude,big-12,13.1,143.0,0.498,509,215,155,0.305,0.858,133,9.25,8.5,72.25,73.5,11.04,36.5,1313.0,2.4,29.0,32,111.0,Jevon Carter,jevon-carter-1,640,G,95.0,3.05,3.18,29.0,4.9,112,0.385,196,0.393,77,7.5,172,0.5489999999999999,14.4,98.0,313,0.441,138,25.0,196.2,7.0,76.25,2018
Joe Young,0.074,0.268,0.592,0.066,Oregon,21.3,135,8.78,0.1,1,6.39,6.1,Exclude,pac-12,11.6,141.0,0.524,592,265,134,0.226,0.925,124,8.46,9.1,74.76,76.12,11.11,36.1,1322.0,1.7,19.0,43,51.0,Joe Young,joseph-young-1,745,G,99.43,3.04,3.22,30.1,1.8,41,0.431,255,0.35700000000000004,91,6.9,160,0.568,11.7,87.0,337,0.516,174,28.7,195.28,5.6,79.4,2015
Joel Bolomboy,0.09,0.498,0.328,0.084,Weber State,7.4,35,11.36,3.6,40,5.15,3.5,Exclude,big-sky,31.3,306.0,0.602,337,193,228,0.677,0.6970000000000001,159,9.0,10.25,79.5,81.0,10.26,40.5,1041.0,13.1,109.0,52,73.0,Joel Bolomboy,joel-bolomboy-1,565,F,103.5,2.86,3.17,37.5,1.3,23,0.163,55,0.364,20,23.0,415,0.634,14.9,78.0,282,0.613,173,26.1,224.4,6.5,85.75,2016
John Collins,0.032,0.376,0.474,0.118,Wake Forest,4.5,17,15.0,6.6,52,5.4,7.9,Exclude,acc,25.6,200.0,0.622,376,234,220,0.585,0.745,164,9.0,10.0,80.25,81.5,11.66,37.5,878.0,16.4,124.0,19,98.0,John Collins,john-collins-1,632,F,106.5,3.27,3.27,33.0,1.3,21,0.003,1,0.0,0,21.1,324,0.6579999999999999,11.1,60.0,375,0.624,234,29.9,225.2,5.6,83.25,2017
Jonathan Isaac,0.018,0.374,0.466,0.142,Florida State,7.5,37,11.36,6.2,49,7.79,10.9,Exclude,acc,25.1,195.0,0.568,256,130,118,0.461,0.78,92,8.95,9.59,79.56,80.81,11.46,34.23,839.0,7.7,56.0,6,70.0,Jonathan Isaac,jonathan-isaac-1,383,F,106.2,3.1,3.3,29.41,2.4,37,0.348,89,0.348,31,16.7,251,0.614,13.3,48.0,167,0.593,99,20.3,228.53,4.3,84.53,2017
Jordan Bell,0.104,0.586,0.266,0.044,Oregon,11.4,70,16.0,8.5,88,5.4,13.6,Exclude,pac-12,22.4,230.0,0.6409999999999999,269,171,117,0.435,0.701,82,9.25,9.5,79.0,80.5,10.63,38.0,1124.0,12.2,112.0,38,68.0,Jordan Bell,jordan-bell-1,427,F,104.5,2.83,3.21,31.5,2.5,49,0.052000000000000005,14,0.214,3,17.6,342,0.6579999999999999,18.8,75.0,255,0.659,168,18.0,223.6,6.2,83.75,2017
Jordan Mickey,0.03,0.468,0.416,0.086,Louisiana State,7.6,40,9.0,9.6,112,7.2,5.5,Exclude,sec,19.6,209.0,0.505,379,191,147,0.388,0.6459999999999999,95,8.75,9.5,79.0,80.25,11.72,37.5,1081.0,10.5,99.0,33,81.0,Jordan Mickey,jordan-mickey-1,478,F,106.0,3.13,3.28,33.0,1.5,29,0.024,9,0.111,1,15.3,308,0.5329999999999999,18.4,101.0,370,0.514,190,25.0,238.0,3.9,87.25,2015
Josh Hart,0.076,0.636,0.258,0.03,Villanova,18.8,106,9.0,1.0,10,5.8,12.1,Exclude,big-east,17.6,179.0,0.59,463,236,170,0.3670000000000001,0.747,127,8.5,9.5,75.75,77.0,11.15,35.5,1193.0,5.8,51.0,30,81.0,Josh Hart,josh-hart-1,673,G,101.0,3.02,3.18,27.5,2.9,56,0.395,183,0.404,74,12.2,230,0.619,11.5,71.0,280,0.579,162,27.8,209.2,7.7,80.25,2017
Josh Jackson,0.034,0.404,0.53,0.032,Kansas,18.2,104,11.36,3.5,37,7.79,10.7,Exclude,big-12,17.5,177.0,0.552,429,220,173,0.403,0.5660000000000001,98,8.95,9.59,79.56,80.81,11.46,34.23,1077.0,8.7,81.0,4,104.0,Josh Jackson,josh-jackson-2,572,F,106.2,3.1,3.3,29.41,3.1,59,0.21,90,0.378,34,13.3,258,0.5589999999999999,15.9,97.0,339,0.5489999999999999,186,27.2,228.53,4.9,84.53,2017
Josh Okogie,0.058,0.506,0.302,0.134,Georgia Tech,15.6,59,12.0,2.8,23,5.2,6.8,Exclude,acc,13.1,96.0,0.475,320,133,162,0.506,0.821,133,9.0,9.75,75.0,76.5,11.08,42.0,873.0,7.3,54.0,20,70.0,Josh Okogie,josh-okogie-1,437,G,102.0,3.03,3.04,33.0,2.9,42,0.313,100,0.38,38,10.2,150,0.55,13.3,61.0,220,0.4320000000000001,95,27.3,210.8,3.4,84.0,2018
Josh Richardson,0.056,0.58,0.332,0.032,Tennessee,24.4,115,8.78,2.0,16,6.39,7.8,Starter,sec,13.2,115.0,0.519,399,184,124,0.311,0.7979999999999999,99,8.46,9.1,74.76,76.12,11.11,36.1,1162.0,2.9,28.0,40,79.0,Josh Richardson,josh-richardson-2,513,G,99.43,3.04,3.22,30.1,3.8,67,0.321,128,0.359,46,7.8,143,0.56,15.7,85.0,271,0.509,138,25.5,195.28,4.6,79.4,2015
Justin Anderson,0.018,0.526,0.304,0.152,Virginia,14.0,45,12.0,2.5,14,5.0,12.2,Role Player,acc,14.4,88.0,0.5720000000000001,221,103,82,0.371,0.78,64,8.5,9.5,77.25,78.25,11.13,43.0,724.0,3.1,17.0,21,30.0,Justin Anderson,justin-anderson-1,317,F,101.0,2.88,3.22,38.0,1.6,17,0.471,104,0.452,47,9.0,105,0.61,10.7,31.0,117,0.479,56,23.3,230.6,4.4,83.75,2015
Justin Jackson,0.022,0.23,0.658,0.09,Maryland,15.8,113,11.36,0.8,9,8.9,9.4,Exclude,acc,10.8,128.0,0.531,596,264,131,0.22,0.748,98,9.0,9.5,78.0,78.75,11.46,34.23,1281.0,4.8,58.0,43,55.0,Justin Jackson,justin-jackson-4,731,F,105.0,3.1,3.3,29.41,1.3,31,0.477,284,0.37,105,7.8,186,0.555,9.5,69.0,312,0.51,159,25.7,229.4,6.1,87.0,2018
Justin Jackson,0.022,0.23,0.658,0.09,North Carolina,15.8,113,11.36,0.8,9,8.9,9.4,Exclude,acc,10.8,128.0,0.531,596,264,131,0.22,0.748,98,9.0,9.5,78.0,78.75,11.46,34.23,1281.0,4.8,58.0,15,55.0,Justin Jackson,justin-jackson-4,731,F,105.0,3.1,3.3,29.41,1.3,31,0.477,284,0.37,105,7.8,186,0.555,9.5,69.0,312,0.51,159,25.7,229.4,6.1,87.0,2017
Justin Jackson,0.022,0.23,0.658,0.09,Maryland,15.8,113,11.36,0.8,9,8.9,9.4,Exclude,acc,10.8,128.0,0.531,596,264,131,0.22,0.748,98,9.0,9.5,78.0,78.75,11.46,34.23,1281.0,4.8,58.0,43,55.0,Justin Jackson,justin-jackson-4,731,F,105.0,3.1,3.3,29.41,1.3,31,0.477,284,0.37,105,7.8,186,0.555,9.5,69.0,312,0.51,159,25.7,229.4,6.1,87.0,2018
Justin Jackson,0.022,0.23,0.658,0.09,North Carolina,15.8,113,11.36,0.8,9,8.9,9.4,Exclude,acc,10.8,128.0,0.531,596,264,131,0.22,0.748,98,9.0,9.5,78.0,78.75,11.46,34.23,1281.0,4.8,58.0,15,55.0,Justin Jackson,justin-jackson-4,731,F,105.0,3.1,3.3,29.41,1.3,31,0.477,284,0.37,105,7.8,186,0.555,9.5,69.0,312,0.51,159,25.7,229.4,6.1,87.0,2017
Justin Patton,0.028,0.38,0.462,0.13,Creighton,8.5,41,10.79,5.9,50,7.8,10.6,Exclude,big-east,19.0,159.0,0.6890000000000001,296,200,87,0.294,0.517,45,8.75,9.75,82.0,83.25,11.8,30.5,885.0,8.0,59.0,16,96.0,Justin Patton,justin-patton-1,453,C,111.5,3.31,3.46,26.0,1.9,30,0.051,15,0.5329999999999999,8,13.9,218,0.6709999999999999,15.1,60.0,281,0.6829999999999999,192,22.0,229.0,4.3,87.0,2017
Justise Winslow,0.044,0.564,0.356,0.036,Duke,13.2,82,11.36,2.9,34,5.3,10.4,Role Player,acc,19.8,203.0,0.551,356,173,156,0.438,0.6409999999999999,100,8.5,9.25,76.5,78.5,11.46,34.23,1135.0,5.4,49.0,10,108.0,Justise Winslow,justise-winslow-1,492,F,104.5,3.1,3.3,29.41,2.8,52,0.309,110,0.418,46,13.1,252,0.5720000000000001,14.2,71.0,246,0.516,127,22.9,221.8,5.5,82.25,2015
Kadeem Allen,0.06,0.614,0.222,0.104,Arizona,17.8,101,7.0,2.3,21,6.4,9.1,Exclude,pac-12,13.8,125.0,0.521,236,107,116,0.4920000000000001,0.741,86,8.5,8.75,73.0,74.25,11.24,35.5,1020.0,1.5,12.0,53,83.0,Kadeem Allen,kadeem-allen-1,332,G,99.5,2.98,3.15,33.0,3.1,53,0.318,75,0.4270000000000001,32,8.1,137,0.57,18.3,65.0,161,0.466,75,18.1,192.4,3.8,81.25,2017
Karl-Anthony Towns,0.106,0.482,0.35,0.062,Kentucky,11.6,44,10.79,11.5,88,8.73,17.3,All-Star,sec,22.3,169.0,0.57,256,145,134,0.523,0.813,109,9.12,9.86,82.59,83.73,11.96,31.48,822.0,14.2,92.0,1,115.0,Karl-Anthony Towns,karl-anthony-towns-1,401,C,110.57,3.1,3.42,27.58,1.4,18,0.031,8,0.25,2,18.5,261,0.627,14.2,53.0,248,0.5770000000000001,143,23.7,247.02,6.4,87.72,2015
Kay Felder,0.142,0.444,0.292,0.122,Oakland,50.0,324,8.78,0.5,7,5.8,8.7,Exclude,horizon,9.7,123.0,0.502,612,269,282,0.461,0.848,239,8.25,8.5,68.25,69.5,11.52,44.0,1286.0,2.2,26.0,54,104.0,Kay Felder,kahlil-felder-1,853,G,88.5,2.9,3.15,35.5,2.9,69,0.35,214,0.355,76,6.1,149,0.5720000000000001,13.9,120.0,398,0.485,193,31.3,177.2,7.6,74.5,2016
Keita Bates-Diop,0.03,0.474,0.434,0.062,Ohio State,10.5,56,11.0,5.9,56,5.35,9.4,Exclude,big-ten,24.5,244.0,0.544,515,247,141,0.274,0.794,112,9.0,8.5,79.25,80.5,11.2,35.0,1125.0,5.7,52.0,48,57.0,Keita Bates-Diop,keita-bates-diop-1,672,G,106.5,3.28,3.17,30.5,1.6,31,0.35700000000000004,184,0.359,66,15.6,296,0.5770000000000001,9.5,62.0,331,0.547,181,29.4,223.8,6.1,87.25,2018
Kelly Oubre Jr.,0.014,0.362,0.492,0.132,Kansas,8.1,28,11.36,1.8,13,7.79,8.6,Role Player,big-12,19.2,138.0,0.512,248,110,110,0.444,0.718,79,8.95,9.59,79.56,80.81,11.46,34.23,756.0,6.4,41.0,15,71.0,Kelly Oubre Jr.,kelly-oubre-1,333,F,106.2,3.1,3.3,29.41,3.3,41,0.383,95,0.358,34,13.2,179,0.555,12.5,43.0,153,0.4970000000000001,76,23.1,228.53,3.4,84.53,2015
Kevin Huerter,0.036,0.47,0.362,0.132,Maryland,20.3,108,9.0,2.1,21,8.6,8.7,Exclude,big-ten,12.9,130.0,0.616,322,162,99,0.307,0.758,75,8.25,8.5,78.25,79.25,10.89,38.0,1101.0,3.7,31.0,19,76.0,Kevin Huerter,kevin-huerter-1,472,G,101.5,2.97,3.09,31.0,1.1,20,0.5429999999999999,175,0.417,73,8.8,161,0.64,17.8,80.0,147,0.605,89,21.5,194.0,4.5,79.5,2018
Kevon Looney,0.05,0.452,0.458,0.04,California-Los Angeles,9.1,51,11.36,3.3,32,11.9,8.2,Starter,pac-12,21.0,209.0,0.505,321,151,147,0.458,0.626,92,9.5,9.25,80.0,81.25,11.46,34.23,1113.0,12.2,122.0,30,104.0,Kevon Looney,kevon-looney-1,416,F,110.0,3.1,3.3,29.41,2.5,46,0.165,53,0.415,22,16.6,331,0.532,10.3,45.0,268,0.481,129,19.7,222.4,4.8,87.5,2015
Khyri Thomas,0.05,0.604,0.25,0.096,Creighton,15.1,92,14.0,0.8,8,6.4,9.6,Exclude,big-east,11.0,109.0,0.629,342,184,85,0.249,0.7879999999999999,67,8.75,9.25,74.5,75.75,10.96,35.0,1046.0,4.0,35.0,38,62.0,Khyri Thomas,khyri-thomas-1,497,G,101.0,3.18,3.18,30.0,2.9,56,0.442,151,0.411,62,7.7,144,0.65,13.4,59.0,191,0.639,122,21.0,198.8,4.8,82.5,2018
Kostas Antetokounmpo,0.074,0.322,0.348,0.256,Dayton,5.9,13,0.0,8.3,31,5.0,-1.0,Exclude,atlantic-10,16.9,59.0,0.584,101,58,64,0.634,0.516,33,9.25,9.5,81.0,82.5,12.48,35.0,438.0,7.3,24.0,60,66.0,Kostas Antetokounmpo,kostas-antetokounmpo-1,151,F,110.0,3.48,3.21,29.5,1.0,7,0.149,15,0.133,2,12.3,83,0.575,22.9,39.0,86,0.6509999999999999,56,20.9,194.8,0.7,86.25,2018
Kris Dunn,0.1,0.484,0.39,0.026,Providence,41.8,206,8.78,1.9,20,6.39,11.3,Role Player,big-east,14.7,140.0,0.499,411,184,190,0.462,0.695,132,8.46,9.1,75.0,76.25,11.11,36.1,1088.0,3.5,36.0,5,93.0,Kris Dunn,kris-dunn-1,542,G,100.0,3.04,3.22,30.1,4.3,82,0.275,113,0.3720000000000001,42,9.0,176,0.541,18.8,116.0,298,0.477,142,28.0,0.0,4.5,81.5,2016
Kyle Kuzma,0.05,0.35,0.546,0.054,Utah,15.2,71,12.0,1.6,14,9.4,6.6,Exclude,pac-12,23.3,190.0,0.542,361,182,127,0.35200000000000004,0.669,85,8.5,9.5,80.0,81.5,10.72,34.0,894.0,11.3,81.0,27,46.0,Kyle Kuzma,kyle-kuzma-1,476,F,107.5,2.98,3.25,27.0,1.1,18,0.233,84,0.321,27,17.7,271,0.565,12.8,62.0,277,0.56,155,27.0,222.6,4.5,84.25,2017
Landry Shamet,0.02,0.492,0.358,0.13,Wichita State,28.8,166,8.0,0.7,6,4.85,8.2,Exclude,aac,9.7,89.0,0.622,315,154,103,0.327,0.825,85,8.0,9.0,76.0,77.25,11.26,39.5,1015.0,1.6,14.0,26,61.0,Landry Shamet,landry-shamet-1,477,G,100.0,3.21,3.11,31.0,1.3,23,0.603,190,0.442,84,5.8,103,0.655,15.5,67.0,125,0.56,70,20.7,188.6,4.9,78.75,2018
Larry Nance Jr.,0.022,0.4,0.558,0.02,Wyoming,20.0,76,11.36,4.3,37,7.79,6.7,Starter,mwc,21.1,180.0,0.5329999999999999,360,185,145,0.403,0.7859999999999999,114,8.95,9.59,79.56,80.81,11.46,34.23,1082.0,6.0,44.0,27,69.0,Larry Nance Jr.,larry-nance-2,498,F,106.2,3.1,3.3,29.41,2.3,37,0.117,42,0.333,14,14.1,224,0.581,14.0,70.0,318,0.5379999999999999,171,28.5,228.53,5.4,84.53,2015
Lauri Markkanen,0.044,0.262,0.588,0.106,Arizona,5.6,32,11.36,1.8,19,7.79,9.3,Exclude,pac-12,17.5,178.0,0.584,376,185,164,0.436,0.835,137,8.95,9.59,79.56,80.81,11.46,34.23,1140.0,10.0,88.0,7,73.0,Lauri Markkanen,lauri-markkanen-1,576,F,106.2,3.1,3.3,29.41,0.8,15,0.434,163,0.423,69,14.0,266,0.635,8.1,40.0,213,0.545,116,22.5,228.53,6.7,84.53,2017
Lonzo Ball,0.176,0.58,0.21,0.034,California-Los Angeles,31.4,274,8.78,2.1,28,6.39,12.2,Exclude,pac-12,14.3,183.0,0.6679999999999999,343,189,98,0.28600000000000003,0.6729999999999999,66,8.46,9.1,74.76,76.12,11.11,36.1,1263.0,3.2,33.0,2,65.0,Lonzo Ball,lonzo-ball-1,524,G,99.43,3.04,3.22,30.1,2.8,66,0.5660000000000001,194,0.412,80,9.3,216,0.6729999999999999,18.6,89.0,149,0.732,109,18.1,195.28,6.8,79.4,2017
Luke Kennard,0.046,0.384,0.448,0.122,Duke,13.6,91,8.78,0.9,13,6.6,9.5,Exclude,acc,12.1,145.0,0.579,485,237,187,0.386,0.856,160,8.0,8.75,76.5,77.5,11.11,36.1,1314.0,3.9,43.0,12,83.0,Luke Kennard,luke-kennard-1,722,G,98.5,3.04,3.22,30.1,1.4,31,0.414,201,0.438,88,8.2,188,0.629,9.3,59.0,284,0.525,149,24.0,196.2,7.1,77.25,2017
Malachi Richardson,0.046,0.376,0.514,0.064,Syracuse,12.8,77,8.78,0.9,10,7.0,3.0,Exclude,acc,12.1,139.0,0.465,412,152,157,0.381,0.72,113,8.75,10.0,76.75,78.25,10.56,38.0,1272.0,1.7,19.0,22,91.0,Malachi Richardson,malachi-richardson-1,496,G,101.5,3.25,3.33,33.0,2.0,42,0.544,224,0.353,79,6.9,158,0.51,14.0,79.0,188,0.388,73,23.1,199.6,3.3,84.0,2016
Malcolm Brogdon,0.05,0.3,0.57,0.08,Virginia,19.5,115,8.78,0.9,9,5.4,11.1,Starter,acc,13.3,131.0,0.532,503,230,156,0.31,0.897,140,9.0,10.25,75.75,77.5,10.77,35.5,1263.0,2.1,19.0,36,76.0,Malcolm Brogdon,malcolm-brogdon-1,675,G,98.0,2.64,3.31,30.5,1.8,35,0.382,192,0.391,75,7.9,150,0.585,8.3,52.0,311,0.498,155,28.4,223.0,7.0,82.5,2016
Malik Beasley,0.03,0.414,0.472,0.084,Florida State,9.8,51,8.78,0.6,6,6.9,5.7,Role Player,acc,15.1,136.0,0.541,393,185,128,0.326,0.813,104,8.5,9.0,75.5,76.5,11.11,36.1,1014.0,5.0,44.0,19,75.0,Malik Beasley,malik-beasley-1,529,G,100.5,0.0,3.22,30.1,1.8,32,0.361,142,0.387,55,10.1,180,0.583,11.5,59.0,251,0.518,130,24.3,189.8,4.0,79.0,2016
Malik Monk,0.024,0.25,0.61,0.116,Kentucky,13.3,87,8.78,1.5,19,6.39,8.0,Exclude,sec,7.3,83.0,0.5429999999999999,558,251,180,0.32299999999999995,0.8220000000000001,148,8.46,9.1,74.76,76.12,11.11,36.1,1218.0,1.1,12.0,11,72.0,Malik Monk,malik-monk-1,754,G,99.43,3.04,3.22,30.1,1.6,36,0.47,262,0.397,104,4.2,95,0.586,10.4,75.0,296,0.4970000000000001,147,27.2,195.28,5.8,79.4,2017
Marcus Paige,0.078,0.46,0.38,0.082,North Carolina,,128,8.78,,15,4.3,,Exclude,acc,,71.0,0.503,354,141,93,0.263,0.774,72,7.75,8.75,72.5,73.75,10.82,39.5,1075.0,,15.0,55,51.0,Marcus Paige,marcus-paige-1,428,G,97.0,2.69,3.15,33.5,,39,0.588,208,0.35600000000000004,74,,86,0.537,,42.0,146,0.459,67,,163.8,,78.25,2016
Marcus Thornton,0.06,0.794,0.104,0.042,William & Mary,15.4,75,3.0,0.9,13,5.3,,Starter,sec,,121.0,0.544,542,256,200,0.369,0.745,149,8.25,8.5,73.75,74.75,10.78,43.0,1116.0,,71.0,45,72.0,Marcus Thornton,marcus-thornton-1,739,G,97.5,2.88,3.02,34.5,,56,0.371,201,0.388,78,9.5,192,0.58,9.1,64.0,341,0.522,178,30.9,177.4,6.6,79.75,2015
Markelle Fultz,0.062,0.438,0.41,0.09,Washington,35.5,148,8.78,3.1,30,6.39,9.1,Exclude,pac-12,13.9,110.0,0.535,439,209,168,0.383,0.649,109,8.46,9.1,74.76,76.12,11.11,36.1,892.0,4.0,33.0,1,63.0,Markelle Fultz,markelle-fultz-1,579,G,99.43,3.04,3.22,30.1,2.5,40,0.287,126,0.413,52,8.9,143,0.5579999999999999,13.4,80.0,313,0.502,157,31.4,195.28,3.9,79.4,2017
Marquese Chriss,0.02,0.278,0.6,0.102,Washington,6.3,26,11.36,5.8,55,8.5,5.9,Exclude,pac-12,11.6,98.0,0.561,338,179,129,0.382,0.682,88,9.0,9.0,80.75,82.0,11.93,38.5,848.0,9.8,85.0,8,138.0,Marquese Chriss,marquese-chriss-1,467,F,105.0,3.05,3.26,32.5,1.9,32,0.17800000000000002,60,0.35,21,10.7,183,0.585,14.7,69.0,278,0.568,158,24.1,233.0,3.1,84.25,2016
Marvin Bagley III,0.142,0.32,0.49,0.048,Duke,8.8,50,11.36,2.6,29,7.79,10.7,Exclude,acc,21.5,234.0,0.64,440,270,209,0.475,0.627,131,8.95,9.59,79.56,80.81,11.46,34.23,1118.0,13.8,132.0,2,60.0,Marvin Bagley III,marvin-bagleyiii-1,694,F,106.2,3.1,3.3,29.41,1.4,27,0.132,58,0.397,23,17.9,366,0.643,12.2,75.0,382,0.647,247,26.3,228.53,6.9,84.53,2018
Michael Gbinije,0.102,0.562,0.312,0.024,Syracuse,26.3,159,8.78,1.1,13,5.4,8.6,Exclude,acc,8.8,111.0,0.5539999999999999,488,225,160,0.328,0.6629999999999999,106,8.0,9.0,77.5,78.75,11.0,37.5,1403.0,3.2,40.0,49,98.0,Michael Gbinije,michael-gbinije-1,647,G,101.0,3.19,3.12,33.5,3.1,70,0.477,233,0.391,91,6.0,151,0.574,15.7,105.0,255,0.525,134,24.9,204.6,5.7,79.5,2016
Mikal Bridges,0.09,0.562,0.29,0.058,Villanova,10.6,77,11.36,3.5,43,7.79,13.2,Exclude,big-east,13.8,158.0,0.623,475,244,134,0.282,0.851,114,8.95,9.59,79.56,80.81,11.46,34.23,1285.0,5.2,54.0,10,86.0,Mikal Bridges,mikal-bridges-1,706,F,106.2,3.1,3.3,29.41,2.7,61,0.503,239,0.435,104,9.7,212,0.655,9.1,54.0,236,0.593,140,23.2,228.53,7.7,84.53,2018
Miles Bridges,0.036,0.406,0.498,0.06,Michigan State,16.9,92,11.36,2.5,26,5.9,9.2,Exclude,big-ten,18.2,194.0,0.535,457,209,109,0.239,0.853,93,9.0,9.75,77.25,78.75,11.46,34.23,1067.0,5.2,43.0,12,53.0,Miles Bridges,miles-bridges-1,582,F,103.5,3.1,3.3,29.41,1.2,21,0.4270000000000001,195,0.364,71,12.5,237,0.5720000000000001,11.6,67.0,262,0.527,138,27.1,220.4,5.5,81.5,2018
Mo Bamba,0.15,0.508,0.24,0.102,Texas,3.6,15,10.79,13.1,111,8.73,11.2,Exclude,big-12,28.2,220.0,0.5670000000000001,270,146,119,0.441,0.6809999999999999,81,9.12,9.86,82.59,83.73,11.96,31.48,906.0,12.2,96.0,6,76.0,Mo Bamba,mohamed-bamba-1,387,C,110.57,3.1,3.42,27.58,1.5,23,0.189,51,0.275,14,20.2,316,0.593,12.3,46.0,219,0.603,132,21.3,247.02,4.8,87.72,2018
Monte Morris,0.068,0.488,0.372,0.072,Iowa State,32.0,217,8.0,0.8,10,6.9,10.7,Exclude,big-12,11.3,129.0,0.523,465,216,111,0.239,0.802,89,8.25,8.75,73.25,74.5,11.0,33.5,1237.0,3.7,40.0,51,51.0,Monte Morris,monte-morris-1,575,G,96.5,3.2,3.19,28.0,2.4,53,0.308,143,0.378,54,7.6,169,0.555,7.5,42.0,322,0.503,162,22.8,175.2,6.5,76.0,2017
Montrezl Harrell,0.026,0.336,0.576,0.062,Louisville,9.2,49,11.36,3.7,42,11.9,9.2,Starter,acc,19.1,210.0,0.578,376,213,191,0.508,0.597,114,9.0,9.75,79.0,79.5,11.46,34.23,1229.0,10.0,111.0,32,74.0,Montrezl Harrell,montrezl-harrell-1,549,F,109.0,3.1,3.3,29.41,1.6,33,0.098,37,0.243,9,14.5,321,0.588,12.9,69.0,339,0.602,204,22.3,253.4,6.6,88.25,2015
Moritz Wagner,0.028,0.404,0.462,0.106,Michigan,6.7,33,8.0,2.0,20,6.75,8.1,Exclude,big-ten,24.7,221.0,0.605,409,216,108,0.264,0.6940000000000001,75,9.0,10.75,82.5,83.5,11.48,34.0,1078.0,6.5,57.0,25,120.0,Moritz Wagner,moritz-wagner-1,570,C,108.0,3.07,3.18,27.0,2.1,38,0.391,160,0.394,63,15.7,278,0.619,10.8,56.0,249,0.614,153,25.9,241.4,5.7,84.0,2018
Myles Turner,0.096,0.38,0.318,0.206,Texas,6.2,20,10.79,12.3,89,9.3,8.7,Starter,big-12,24.9,178.0,0.488,257,117,112,0.436,0.8390000000000001,94,9.25,9.25,81.75,83.5,11.96,31.48,755.0,7.2,44.0,11,82.0,Myles Turner,myles-turner-1,345,C,112.0,3.1,3.42,27.58,0.8,10,0.241,62,0.274,17,16.7,222,0.556,13.2,47.0,195,0.513,100,25.1,238.6,4.0,88.0,2015
Norman Powell,0.052,0.5,0.382,0.066,California-Los Angeles,12.8,75,5.0,1.5,16,6.4,5.8,Role Player,pac-12,13.3,148.0,0.4970000000000001,467,213,169,0.362,0.7509999999999999,127,9.25,9.0,75.0,76.25,10.69,40.5,1244.0,1.9,21.0,46,91.0,Norman Powell,norman-powell-1,591,G,102.5,3.2,3.2,32.5,3.2,66,0.255,119,0.319,38,7.6,169,0.54,12.8,80.0,348,0.503,175,25.3,215.4,4.4,82.75,2015
OG Anunoby,0.026,0.444,0.258,0.272,Indiana,11.0,23,11.36,5.5,21,6.8,10.1,Exclude,big-ten,16.1,59.0,0.615,122,68,48,0.393,0.563,27,9.25,9.5,78.25,79.75,11.46,34.23,402.0,8.5,28.0,23,33.0,OG Anunoby,og-anunoby-1,177,F,107.5,3.1,3.3,29.41,3.0,21,0.369,45,0.311,14,12.5,87,0.611,15.2,26.0,77,0.701,54,20.8,232.4,1.7,86.25,2017
Omari Spellman,0.028,0.394,0.438,0.14,Villanova,4.3,30,8.0,5.5,59,13.75,8.5,Exclude,big-east,23.1,231.0,0.573,336,160,70,0.208,0.7,49,9.0,9.0,80.0,81.25,12.28,35.5,1125.0,9.9,90.0,30,92.0,Omari Spellman,omari-spellman-1,434,F,107.5,3.35,3.38,28.5,1.3,26,0.446,150,0.433,65,16.8,321,0.588,9.8,40.0,186,0.511,95,18.3,253.8,5.2,86.0,2018
Pascal Siakam,0.058,0.48,0.392,0.07,New Mexico State,12.0,58,11.36,6.5,75,5.2,8.0,Starter,wac,23.6,263.0,0.542,510,275,202,0.396,0.6779999999999999,137,9.25,10.0,80.25,81.5,11.25,36.5,1176.0,13.4,132.0,27,92.0,Pascal Siakam,pascal-siakam-1,690,F,107.5,3.09,3.41,30.5,1.7,34,0.029,15,0.2,3,18.8,395,0.569,10.0,67.0,495,0.5489999999999999,272,29.1,226.6,7.8,87.25,2016
Pat Connaughton,0.042,0.454,0.376,0.128,Notre Dame,7.6,57,13.0,2.7,36,10.2,8.2,Starter,acc,20.4,241.0,0.597,356,166,64,0.18,0.7809999999999999,50,8.5,9.25,76.0,77.25,10.58,44.0,1351.0,4.2,41.0,41,75.0,Pat Connaughton,pat-connaughton-1,475,G,96.0,3.08,3.2,37.5,1.3,27,0.618,220,0.423,93,13.0,282,0.615,10.2,44.0,136,0.537,73,17.7,215.0,5.4,80.0,2015
Patrick McCaw,0.072,0.542,0.3,0.086,Nevada-Las Vegas,22.7,128,8.78,1.2,13,4.7,8.4,Exclude,mwc,12.4,131.0,0.56,361,168,106,0.294,0.774,82,8.75,8.75,77.25,78.75,11.01,38.0,1113.0,3.6,38.0,38,73.0,Patrick McCaw,patrick-mccaw-1,486,G,100.5,2.97,3.3,30.0,3.9,81,0.515,186,0.366,68,8.0,169,0.591,14.2,68.0,175,0.5710000000000001,100,20.3,180.8,5.0,82.0,2016
Rakeem Christmas,0.016,0.496,0.434,0.054,Syracuse,10.5,47,9.0,8.5,78,9.6,9.6,Exclude,acc,19.6,185.0,0.552,368,203,191,0.519,0.7120000000000001,136,9.25,9.0,80.25,81.75,11.6,32.0,1064.0,10.2,97.0,36,105.0,Rakeem Christmas,rakeem-christmas-1,542,F,110.5,3.3,3.47,29.0,1.7,29,0.003,1,0.0,0,14.9,282,0.591,14.5,78.0,367,0.5529999999999999,203,25.8,242.6,5.4,89.25,2015
Rashad Vaughn,0.016,0.438,0.458,0.088,Nevada-Las Vegas,11.8,36,5.0,1.1,8,6.2,1.3,Exclude,mwc,13.7,97.0,0.521,328,144,98,0.299,0.6940000000000001,68,8.0,8.5,75.75,77.0,11.4,34.0,742.0,2.3,14.0,17,54.0,Rashad Vaughn,rashad-vaughn-1,410,G,101.0,3.1,3.21,28.0,1.5,18,0.43,141,0.383,54,8.4,111,0.547,11.8,50.0,187,0.481,90,30.8,198.6,2.5,79.0,2015
Ray Spalding,0.054,0.528,0.366,0.052,Louisville,9.6,46,12.0,6.3,62,5.55,10.0,Exclude,acc,20.9,199.0,0.55,337,183,114,0.338,0.64,73,9.25,9.0,81.0,82.25,11.48,32.0,995.0,13.2,113.0,56,107.0,Ray Spalding,raymond-spalding-1,444,F,109.0,3.2,3.34,26.0,3.1,54,0.056,19,0.263,5,17.3,312,0.568,13.5,61.0,318,0.56,178,22.9,215.4,4.8,88.75,2018
Richaun Holmes,0.04,0.474,0.422,0.064,Bowling Green,7.2,26,15.0,11.2,83,8.8,9.3,Starter,mac,20.9,160.0,0.594,293,165,153,0.522,0.7120000000000001,109,8.5,8.5,80.25,81.5,11.24,36.0,892.0,11.6,88.0,37,77.0,Richaun Holmes,richaun-holmes-1,457,F,108.0,3.31,3.32,32.5,1.5,22,0.147,43,0.419,18,16.3,248,0.625,14.1,60.0,250,0.588,147,25.6,242.8,5.1,85.5,2015
Rondae Hollis-Jefferson,0.03,0.488,0.416,0.066,Arizona,10.1,59,13.0,3.4,32,5.0,11.2,Role Player,pac-12,20.1,183.0,0.513,275,138,205,0.745,0.7070000000000001,145,8.75,9.75,77.5,79.0,10.41,38.0,1090.0,9.0,77.0,23,94.0,Rondae Hollis-Jefferson,rondae-hollis-jefferson-1,427,F,104.0,3.19,3.12,32.0,2.4,44,0.105,29,0.207,6,14.8,260,0.573,13.7,59.0,246,0.537,132,20.5,210.8,5.9,86.0,2015
Sam Dekker,0.038,0.364,0.474,0.124,Wisconsin,8.6,49,5.0,1.5,18,7.5,10.0,Role Player,big-ten,14.8,143.0,0.586,406,213,113,0.278,0.708,80,8.5,9.25,79.75,81.0,10.64,34.5,1239.0,8.4,77.0,18,42.0,Sam Dekker,sam-dekker-1,556,F,106.0,2.96,3.28,25.5,1.1,21,0.3720000000000001,151,0.331,50,11.7,220,0.605,7.3,36.0,255,0.639,163,23.2,218.6,7.0,83.5,2015
Semi Ojeleye,0.068,0.34,0.518,0.074,Southern Methodist,9.3,53,19.0,1.6,14,5.5,8.1,Exclude,aac,15.0,160.0,0.5720000000000001,431,210,219,0.508,0.785,172,8.75,9.5,77.25,78.75,10.58,40.5,1195.0,8.4,80.0,37,62.0,Semi Ojeleye,semi-ojeleye-1,665,F,102.0,3.07,3.16,35.0,0.8,15,0.399,172,0.424,73,11.9,240,0.621,8.5,50.0,259,0.529,137,25.9,241.4,7.7,81.75,2017
Shai Gilgeous-Alexander,0.104,0.462,0.384,0.05,Kentucky,28.8,189,8.78,1.7,18,3.0,9.1,Exclude,sec,10.0,120.0,0.516,377,183,175,0.464,0.8170000000000001,143,9.0,9.0,76.5,78.0,11.11,36.1,1248.0,3.2,33.0,11,62.0,Shai Gilgeous-Alexander,shai-gilgeous-alexander-1,532,G,104.0,3.04,3.22,30.1,2.8,61,0.151,57,0.404,23,6.8,153,0.578,17.9,100.0,320,0.5,160,21.9,180.0,5.2,83.5,2018
Shake Milton,0.028,0.422,0.494,0.056,Southern Methodist,25.9,96,2.0,2.3,14,6.8,7.9,Exclude,aac,13.5,89.0,0.551,274,123,111,0.405,0.847,94,8.75,9.5,76.5,77.5,11.07,33.0,800.0,2.1,14.0,54,38.0,Shake Milton,malik-milton-1,396,G,99.5,3.19,3.25,30.0,2.4,31,0.471,129,0.434,56,7.7,103,0.606,13.3,50.0,145,0.462,67,25.0,207.2,4.2,84.75,2018
Sindarius Thornwell,0.102,0.476,0.384,0.038,South Carolina,19.1,86,15.0,3.4,30,7.8,16.2,Exclude,sec,16.3,144.0,0.51,439,195,259,0.59,0.83,215,8.75,8.75,75.5,76.75,11.48,30.5,1051.0,8.0,77.0,48,71.0,Sindarius Thornwell,sindarius-thornwell-1,663,G,103.0,3.03,3.36,27.0,3.6,66,0.337,148,0.392,58,11.9,221,0.59,11.9,76.0,291,0.471,137,29.5,211.6,7.2,82.0,2017
Stanley Johnson,0.032,0.496,0.458,0.014,Arizona,11.6,63,11.36,1.6,15,7.5,10.2,Role Player,pac-12,19.1,172.0,0.501,390,174,178,0.456,0.742,132,9.0,9.0,77.0,78.5,11.46,34.23,1081.0,8.9,75.0,8,100.0,Stanley Johnson,stanley-johnson-1,523,F,102.0,3.1,3.3,29.41,3.2,57,0.297,116,0.371,43,14.1,247,0.551,14.7,82.0,274,0.478,131,26.6,241.8,5.7,83.5,2015
Stephen Zimmerman,0.064,0.354,0.34,0.242,Nevada-Las Vegas,6.4,22,10.79,7.5,51,11.15,0.8,Exclude,mwc,26.5,171.0,0.488,214,102,101,0.472,0.624,63,9.0,9.0,82.25,83.75,12.08,31.0,680.0,8.8,56.0,41,79.0,Stephen Zimmerman,stephen-zimmermanjr-1,272,C,108.5,3.16,3.43,26.0,1.1,14,0.079,17,0.294,5,17.7,227,0.519,17.1,54.0,197,0.4920000000000001,97,21.9,234.0,2.1,87.25,2016
Sterling Brown,0.026,0.6,0.304,0.07,Southern Methodist,17.9,105,8.78,2.2,19,6.39,9.6,Exclude,aac,16.9,172.0,0.546,351,161,110,0.313,0.7909999999999999,87,8.46,9.1,74.76,76.12,11.11,36.1,1143.0,6.0,55.0,46,91.0,Sterling Brown,sterling-brown-2,470,G,99.43,3.04,3.22,30.1,2.7,50,0.387,136,0.449,61,11.7,227,0.583,14.6,69.0,215,0.465,100,21.9,195.28,6.0,79.4,2017
Taurean Prince,0.042,0.302,0.616,0.04,Baylor,14.8,77,11.36,2.7,25,6.45,7.4,Role Player,big-12,14.8,125.0,0.493,433,187,146,0.337,0.774,113,9.0,8.5,78.5,79.75,10.96,36.0,1040.0,9.2,81.0,12,86.0,Taurean Prince,taurean-prince-1,540,F,102.0,2.8,3.24,34.0,2.4,43,0.339,147,0.361,53,12.0,206,0.537,15.3,91.0,286,0.469,134,28.1,220.2,3.8,83.5,2016
Terry Rozier,0.06,0.564,0.32,0.056,Louisville,19.7,108,7.0,0.5,6,5.6,8.4,Starter,acc,13.9,157.0,0.457,521,214,176,0.338,0.79,139,8.25,8.5,72.5,74.25,10.84,38.0,1260.0,3.8,43.0,16,62.0,Terry Rozier,terry-rozier-1,615,G,98.5,2.84,3.15,33.0,3.5,72,0.301,157,0.306,48,8.8,200,0.509,11.6,79.0,364,0.456,166,27.8,190.2,6.0,80.25,2015
Thomas Bryant,0.024,0.304,0.488,0.184,Indiana,9.8,50,7.0,5.7,52,9.4,7.5,Exclude,big-ten,17.2,150.0,0.56,285,148,148,0.519,0.73,108,9.5,10.25,81.5,82.75,11.42,33.0,954.0,9.7,76.0,42,104.0,Thomas Bryant,thomas-bryant-1,427,F,112.5,3.12,3.37,25.5,1.6,26,0.211,60,0.383,23,13.7,226,0.601,18.0,78.0,225,0.556,125,22.2,247.8,3.8,90.0,2017
Thomas Welsh,0.084,0.436,0.368,0.112,California-Los Angeles,7.8,46,11.0,2.8,29,10.9,6.0,Exclude,pac-12,25.8,271.0,0.552,334,162,58,0.174,0.828,48,9.0,10.5,83.5,84.5,11.46,34.23,1096.0,9.1,87.0,58,79.0,Thomas Welsh,thomas-welsh-1,417,F,109.5,3.1,3.3,29.41,1.1,22,0.335,112,0.402,45,17.8,358,0.5770000000000001,8.6,34.0,222,0.527,117,17.7,254.0,4.5,84.0,2018
Tony Bradley,0.036,0.33,0.33,0.304,North Carolina,7.2,23,5.0,4.4,22,12.0,9.8,Exclude,acc,19.0,97.0,0.573,178,102,105,0.59,0.619,65,9.5,9.5,81.25,82.75,11.79,27.5,553.0,18.6,98.0,28,69.0,Tony Bradley,tony-bradley-1,269,C,112.5,2.99,3.44,24.5,1.0,10,0.0,0,,0,18.8,195,0.59,9.9,25.0,178,0.573,102,20.7,248.8,3.1,89.0,2017
Trae Young,0.198,0.332,0.432,0.038,Oklahoma,48.6,279,8.78,0.7,8,5.35,11.7,Exclude,big-12,10.0,111.0,0.518,618,261,274,0.443,0.861,236,8.0,9.25,72.5,73.75,11.11,36.1,1133.0,1.3,14.0,5,57.0,Trae Young,trae-young-1,876,G,95.5,3.04,3.22,30.1,2.5,54,0.531,328,0.36,118,5.8,125,0.585,18.2,167.0,290,0.493,143,37.1,177.8,5.7,75.0,2018
Trey Lyles,0.01,0.356,0.538,0.096,Kentucky,9.2,38,11.36,2.1,16,12.1,8.9,Role Player,sec,16.1,123.0,0.496,240,117,102,0.425,0.735,75,9.25,10.25,81.0,82.25,11.46,34.23,828.0,9.9,65.0,12,57.0,Trey Lyles,trey-lyles-1,313,F,108.0,3.1,3.3,29.41,1.4,19,0.121,29,0.138,4,13.3,188,0.5429999999999999,12.4,41.0,211,0.536,113,20.8,241.2,4.4,85.5,2015
Troy Brown Jr.,0.07,0.562,0.35,0.018,Oregon,18.7,111,11.36,0.8,7,7.79,4.3,Exclude,pac-12,18.0,164.0,0.494,322,143,105,0.326,0.743,78,8.95,9.59,79.56,80.81,11.46,34.23,1093.0,5.9,53.0,15,78.0,Troy Brown Jr.,troy-brown-5,396,F,106.2,3.1,3.3,29.41,2.9,55,0.342,110,0.29100000000000004,32,12.0,217,0.532,18.8,86.0,212,0.524,111,21.0,228.53,3.1,84.53,2018
Tyler Dorsey,0.01,0.464,0.396,0.13,Oregon,10.7,67,8.0,0.4,4,4.7,6.3,Exclude,pac-12,9.6,102.0,0.575,405,189,139,0.343,0.755,105,8.5,9.25,75.0,76.5,10.55,36.0,1169.0,3.5,33.0,41,57.0,Tyler Dorsey,tyler-dorsey-1,571,G,99.5,2.98,3.16,30.5,1.5,30,0.514,208,0.423,88,6.7,135,0.606,11.1,59.0,197,0.513,101,22.9,182.6,5.2,77.25,2017
Tyler Lydon,0.024,0.424,0.496,0.056,Syracuse,10.8,70,1.0,4.7,49,13.6,8.9,Exclude,acc,19.2,215.0,0.55,319,151,116,0.364,0.836,97,8.75,8.75,80.25,81.5,11.68,33.5,1227.0,7.7,79.0,24,84.0,Tyler Lydon,tyler-lydon-1,448,F,107.5,2.81,3.46,29.5,1.7,35,0.389,124,0.395,49,13.7,294,0.599,13.6,59.0,195,0.523,102,18.0,215.0,4.8,84.0,2017
Tyler Ulis,0.072,0.518,0.318,0.092,Kentucky,34.3,246,8.78,0.3,4,5.2,9.6,Exclude,sec,7.1,86.0,0.4970000000000001,442,192,195,0.441,0.856,167,7.5,7.5,68.75,70.0,10.8,38.0,1288.0,1.7,19.0,34,64.0,Tyler Ulis,tyler-ulis-1,606,G,88.5,2.88,3.2,32.5,2.3,51,0.362,160,0.344,55,4.6,105,0.5670000000000001,11.4,69.0,282,0.486,137,23.2,149.2,7.1,74.0,2016
Tyrone Wallace,0.046,0.472,0.418,0.064,California,28.5,123,8.78,1.3,12,6.39,7.1,Exclude,pac-12,14.2,121.0,0.477,343,151,154,0.449,0.649,100,8.46,9.1,74.76,76.12,11.11,36.1,901.0,3.5,27.0,60,63.0,Tyrone Wallace,tyrone-wallace-1,427,G,99.43,3.04,3.22,30.1,1.8,27,0.245,84,0.298,25,9.1,148,0.513,15.1,74.0,259,0.486,126,27.4,195.28,3.4,79.4,2016
Tyus Jones,0.12,0.404,0.422,0.054,Duke,27.5,217,2.0,0.2,3,6.5,9.4,Starter,acc,9.9,118.0,0.489,324,135,162,0.5,0.889,144,8.25,8.75,72.5,74.0,11.84,32.5,1322.0,1.8,19.0,24,46.0,Tyus Jones,tyus-jones-1,461,G,97.0,2.95,3.32,26.5,2.7,59,0.383,124,0.379,47,6.1,137,0.575,15.9,76.0,200,0.44,88,18.7,184.6,6.5,77.0,2015
Wendell Carter Jr.,0.046,0.436,0.45,0.068,West Virginia,13.0,74,10.79,7.6,76,8.73,13.5,Exclude,acc,23.2,226.0,0.591,319,179,168,0.527,0.738,124,9.12,9.86,82.59,83.73,11.96,31.48,997.0,12.8,109.0,7,105.0,Wendell Carter Jr.,wendell-carterjr-1,501,C,110.57,3.1,3.42,27.58,1.7,30,0.14400000000000002,46,0.413,19,18.4,335,0.628,15.8,75.0,273,0.586,160,22.8,247.02,5.9,87.72,2018
Willie Cauley-Stein,0.02,0.586,0.328,0.066,Kentucky,7.4,38,10.79,7.1,67,6.3,14.7,Starter,sec,17.3,162.0,0.5720000000000001,236,135,128,0.542,0.617,79,9.5,9.0,83.25,84.5,11.96,31.48,1012.0,11.1,89.0,6,78.0,Willie Cauley-Stein,willie-cauley-stein-1,349,C,111.0,3.1,3.42,27.58,2.9,47,0.0,0,,0,14.5,251,0.588,13.9,48.0,236,0.5720000000000001,135,17.8,242.4,6.0,87.0,2015
Zach Collins,0.132,0.402,0.282,0.184,Gonzaga,4.4,16,11.36,9.8,69,8.9,11.5,Exclude,wcc,23.3,164.0,0.6759999999999999,207,135,148,0.715,0.743,110,8.75,9.25,82.25,84.0,11.46,34.23,673.0,12.1,66.0,10,105.0,Zach Collins,zach-collins-1,390,F,111.0,3.1,3.3,29.41,1.5,18,0.101,21,0.476,10,18.4,230,0.703,17.8,60.0,186,0.672,125,24.8,232.2,5.0,85.0,2017
Zhaire Smith,0.066,0.48,0.3,0.154,Texas Tech,12.6,66,10.0,4.8,42,6.05,12.0,Exclude,big-12,11.1,102.0,0.588,277,154,127,0.458,0.7170000000000001,91,8.75,8.25,74.75,76.0,11.02,41.5,1051.0,9.6,83.0,16,67.0,Zhaire Smith,zhaire-smith-1,417,F,100.0,3.15,3.05,33.0,2.3,42,0.14400000000000002,40,0.45,18,10.4,185,0.618,10.8,41.0,237,0.574,136,18.3,198.6,5.6,81.75,2018
